epoch,time,train/box_loss,train/cls_loss,train/dfl_loss,metrics/precision(B),metrics/recall(B),metrics/mAP50(B),metrics/mAP50-95(B),val/box_loss,val/cls_loss,val/dfl_loss,lr/pg0,lr/pg1,lr/pg2
1,16.4868,1.9762,4.43653,2.06906,0.09401,0.11421,0.03893,0.00972,2.59022,14.6953,2.56917,0.00034,0.00034,0.00034
2,30.1441,1.90317,3.37918,2.01766,0.00113,0.20558,0.00072,0.00024,3.61826,inf,15.8511,0.000699993,0.000699993,0.000699993
3,43.3189,2.03422,3.28849,2.07593,0,0,0,0,nan,nan,nan,0.00105996,0.00105996,0.00105996
4,56.859,2.06097,3.29474,2.07773,0.00311,0.0533,0.00176,0.00044,nan,nan,nan,0.00141988,0.00141988,0.00141988
5,70.8704,2.04714,3.25949,2.08498,0.00072,0.01269,0.00038,0.00018,nan,nan,nan,0.00177972,0.00177972,0.00177972
6,83.7952,2.06104,3.27928,2.08342,0,0,0,0,nan,nan,nan,0.00199951,0.00199951,0.00199951
7,96.7721,2.02303,3.22702,2.05566,0.00234,0.21066,0.00164,0.00059,3.8939,inf,230.344,0.0019993,0.0019993,0.0019993
8,109.623,2.01377,3.13983,2.02509,0.00453,0.01015,0.00124,0.00033,1.99821,19827.6,44.5127,0.00199904,0.00199904,0.00199904
9,123.049,1.94407,3.09642,1.98244,0.054,0.05076,0.01975,0.00383,3.91754,12.7541,6.58915,0.00199875,0.00199875,0.00199875
10,136.858,1.92823,3.03757,1.97759,0.1228,0.31726,0.0919,0.03564,2.31396,17.0264,2.39815,0.00199842,0.00199842,0.00199842
11,150.51,1.89029,2.90463,1.91777,0.1899,0.19543,0.11305,0.03577,2.49308,5.04665,2.3863,0.00199805,0.00199805,0.00199805
12,163.657,1.89883,2.87696,1.92958,0.03958,0.11168,0.01374,0.00298,3.36451,8.11692,3.12258,0.00199764,0.00199764,0.00199764
13,176.931,1.86219,2.84972,1.89456,0.15801,0.06853,0.03507,0.01287,3.20328,6.60793,2.88028,0.00199719,0.00199719,0.00199719
14,190.277,1.88575,2.86451,1.91932,0.5391,0.4264,0.44636,0.1811,2.18226,2.9024,2.13312,0.0019967,0.0019967,0.0019967
15,203.668,1.84126,2.78469,1.92338,0.17638,0.10152,0.06263,0.02287,3.12753,5.95544,3.03317,0.00199617,0.00199617,0.00199617
16,217.086,1.82232,2.72684,1.87059,0.41184,0.28258,0.27591,0.08801,2.42223,4.14222,2.35376,0.00199561,0.00199561,0.00199561
17,230.476,1.77889,2.69753,1.83649,0.37741,0.41624,0.35823,0.13415,2.24492,3.09223,2.26813,0.001995,0.001995,0.001995
18,243.643,1.80503,2.69529,1.86217,0.57575,0.45685,0.5155,0.20421,2.07694,2.7788,2.02687,0.00199436,0.00199436,0.00199436
19,257.016,1.80138,2.67574,1.86572,0.65714,0.4797,0.51349,0.21188,2.11684,2.85041,2.06236,0.00199368,0.00199368,0.00199368
20,270.308,1.7959,2.6338,1.82948,0.56096,0.41624,0.44181,0.155,2.32667,3.23259,2.1792,0.00199295,0.00199295,0.00199295
21,283.267,1.75425,2.54787,1.81971,0.60548,0.44795,0.50225,0.20407,2.11337,3.35948,2.08284,0.00199219,0.00199219,0.00199219
22,296.673,1.79087,2.64099,1.83765,0.5974,0.42386,0.46682,0.1939,2.10191,3.67161,2.04032,0.00199139,0.00199139,0.00199139
23,309.578,1.74287,2.54035,1.81249,0.53316,0.48731,0.43719,0.15582,2.23427,2.86688,2.15967,0.00199056,0.00199056,0.00199056
24,322.802,1.71707,2.47444,1.78588,0.45634,0.37056,0.35001,0.1305,2.34046,3.37364,2.2026,0.00198968,0.00198968,0.00198968
25,336.148,1.7333,2.50616,1.82592,0.64288,0.45685,0.51976,0.23279,2.08448,2.79263,2.00524,0.00198877,0.00198877,0.00198877
26,349.657,1.75073,2.54462,1.81372,0.38127,0.33503,0.29819,0.09927,2.33928,3.90363,2.33182,0.00198781,0.00198781,0.00198781
27,363.103,1.70919,2.45142,1.77945,0.61157,0.5736,0.60816,0.25932,2.04532,2.71807,1.99357,0.00198682,0.00198682,0.00198682
28,376.305,1.71581,2.38857,1.78123,0.59508,0.50254,0.55783,0.25659,1.9919,2.7139,1.93858,0.00198579,0.00198579,0.00198579
29,389.899,1.69731,2.37858,1.78225,0.60332,0.53046,0.56336,0.21866,2.15245,3.04899,2.05296,0.00198472,0.00198472,0.00198472
30,403.288,1.69898,2.39765,1.7909,0.6626,0.48846,0.58179,0.25606,2.00666,3.12617,1.95696,0.00198361,0.00198361,0.00198361
31,417.18,1.67941,2.45069,1.77172,0.63758,0.51777,0.58296,0.23677,2.11866,3.08279,2.01923,0.00198246,0.00198246,0.00198246
32,430.949,1.6731,2.33332,1.73319,0.64021,0.54822,0.60052,0.25675,2.02869,2.64311,1.9329,0.00198128,0.00198128,0.00198128
33,444.171,1.69808,2.4222,1.7754,0.63233,0.59137,0.61632,0.26424,2.05995,2.40928,1.95834,0.00198006,0.00198006,0.00198006
34,458.764,1.70765,2.31914,1.76109,0.65958,0.53046,0.58948,0.26976,2.02444,2.4915,1.95341,0.0019788,0.0019788,0.0019788
35,472.756,1.66563,2.33571,1.74136,0.6187,0.50508,0.57859,0.25789,1.99068,2.37332,1.94415,0.0019775,0.0019775,0.0019775
36,486.344,1.67892,2.33407,1.75563,0.62478,0.5736,0.59086,0.25611,1.99862,2.70591,1.9595,0.00197616,0.00197616,0.00197616
37,500.123,1.6589,2.31696,1.73781,0.58233,0.57107,0.58711,0.26592,1.98448,2.53839,1.89982,0.00197478,0.00197478,0.00197478
38,513.523,1.64113,2.23888,1.73177,0.81942,0.5528,0.69377,0.31144,1.97195,2.32043,1.90928,0.00197337,0.00197337,0.00197337
39,526.899,1.60268,2.15265,1.70684,0.6818,0.54822,0.63313,0.28464,2.02171,2.39367,1.97115,0.00197192,0.00197192,0.00197192
40,540.075,1.67701,2.27084,1.7422,0.76887,0.57868,0.6815,0.30992,1.93156,2.07293,1.86955,0.00197043,0.00197043,0.00197043
41,553.619,1.59071,2.15541,1.70307,0.63834,0.63452,0.66923,0.30431,1.94595,2.14737,1.8654,0.0019689,0.0019689,0.0019689
42,567.089,1.63106,2.19239,1.72068,0.62803,0.58709,0.62178,0.27811,2.02937,2.40608,2.00912,0.00196733,0.00196733,0.00196733
43,580.172,1.59647,2.1355,1.69285,0.74255,0.55076,0.64971,0.27815,2.05425,2.79659,1.99415,0.00196573,0.00196573,0.00196573
44,593.149,1.6169,2.16897,1.70876,0.7261,0.54822,0.66522,0.3054,1.99369,2.10588,1.91488,0.00196409,0.00196409,0.00196409
45,606.141,1.61458,2.14146,1.69421,0.6312,0.6269,0.65242,0.2996,2.0023,2.16556,1.91688,0.00196241,0.00196241,0.00196241
46,619.428,1.63393,2.12604,1.70915,0.68116,0.56091,0.63896,0.28723,1.98255,2.15036,1.9231,0.00196069,0.00196069,0.00196069
47,632.716,1.5764,2.06884,1.68426,0.66885,0.5736,0.64551,0.29792,1.96311,2.18446,1.90294,0.00195894,0.00195894,0.00195894
48,645.716,1.61252,2.13453,1.70738,0.63782,0.62437,0.63981,0.29908,1.89667,2.20542,1.84079,0.00195714,0.00195714,0.00195714
49,658.726,1.55776,2.05671,1.67302,0.68889,0.61675,0.65524,0.30416,1.89206,2.00272,1.83162,0.00195532,0.00195532,0.00195532
50,671.757,1.60073,2.11257,1.68421,0.67137,0.6269,0.67082,0.31098,1.94962,2.12787,1.9037,0.00195345,0.00195345,0.00195345
51,684.836,1.56161,2.03984,1.66549,0.66163,0.51777,0.62121,0.2897,1.96052,2.26639,1.91712,0.00195155,0.00195155,0.00195155
52,697.869,1.57475,2.06547,1.67296,0.70902,0.59137,0.64538,0.30314,2.00376,2.12612,1.9488,0.00194961,0.00194961,0.00194961
53,710.892,1.58614,2.01074,1.69493,0.75648,0.52824,0.63549,0.27144,2.03948,2.23042,1.93367,0.00194763,0.00194763,0.00194763
54,724.01,1.58892,2.04394,1.69069,0.67753,0.62925,0.67954,0.3118,1.89602,1.96317,1.84299,0.00194561,0.00194561,0.00194561
55,737.052,1.53661,1.96636,1.64046,0.73068,0.59898,0.67619,0.29705,1.99712,2.06808,1.91244,0.00194356,0.00194356,0.00194356
56,750.164,1.55459,1.96231,1.65523,0.74221,0.62437,0.69662,0.30724,1.99241,1.99132,1.89741,0.00194147,0.00194147,0.00194147
57,763.191,1.52788,1.95089,1.6235,0.6874,0.62183,0.68276,0.31322,2.01489,2.0411,1.94903,0.00193935,0.00193935,0.00193935
58,776.432,1.5521,1.96317,1.64207,0.76362,0.61929,0.70322,0.3293,1.89972,1.91892,1.83259,0.00193718,0.00193718,0.00193718
59,789.551,1.53782,1.91758,1.64311,0.72714,0.57491,0.66197,0.32468,1.91206,2.12708,1.85455,0.00193499,0.00193499,0.00193499
60,802.635,1.53778,1.92655,1.64056,0.74822,0.6269,0.70058,0.31303,2.03514,1.96746,1.92418,0.00193275,0.00193275,0.00193275
61,815.712,1.51814,1.85944,1.61981,0.67636,0.53553,0.59104,0.26984,2.1629,2.358,2.04897,0.00193048,0.00193048,0.00193048
62,828.983,1.53802,1.91981,1.6443,0.73088,0.61421,0.7029,0.34186,1.90216,1.85789,1.82145,0.00192817,0.00192817,0.00192817
63,842.12,1.51881,1.9074,1.6252,0.6875,0.63654,0.68181,0.3277,1.88522,1.97839,1.85386,0.00192583,0.00192583,0.00192583
64,855.022,1.49107,1.82646,1.60039,0.72725,0.63613,0.7048,0.33255,1.91858,2.03687,1.89103,0.00192345,0.00192345,0.00192345
65,868.121,1.50632,1.90129,1.62897,0.70344,0.6201,0.69419,0.32697,1.92808,1.91483,1.8771,0.00192103,0.00192103,0.00192103
66,881.112,1.52236,1.9361,1.63758,0.73795,0.65228,0.73139,0.33479,1.95103,1.8713,1.88756,0.00191858,0.00191858,0.00191858
67,893.985,1.51053,1.86987,1.62068,0.74162,0.66292,0.72809,0.3348,1.92538,1.82539,1.86863,0.00191609,0.00191609,0.00191609
68,907.073,1.49016,1.83795,1.59655,0.7453,0.61421,0.69372,0.32175,1.97641,1.85128,1.90025,0.00191356,0.00191356,0.00191356
69,920.059,1.48941,1.8293,1.5843,0.66814,0.64896,0.70033,0.33693,1.91586,1.91693,1.82869,0.001911,0.001911,0.001911
70,933.029,1.47613,1.80615,1.5947,0.75138,0.61366,0.69891,0.32296,1.99858,1.98315,1.92825,0.00190841,0.00190841,0.00190841
71,946.15,1.47696,1.80244,1.59754,0.68261,0.6599,0.69174,0.30951,1.95411,1.92934,1.87019,0.00190578,0.00190578,0.00190578
72,959.363,1.46683,1.80063,1.58666,0.71946,0.58376,0.67969,0.31678,1.97753,1.96767,1.949,0.00190311,0.00190311,0.00190311
73,972.351,1.48798,1.8719,1.60411,0.73914,0.62944,0.70457,0.33707,1.89149,1.91517,1.82995,0.00190041,0.00190041,0.00190041
74,985.305,1.46334,1.8282,1.58702,0.77517,0.60914,0.72823,0.33848,1.88604,1.97411,1.84222,0.00189767,0.00189767,0.00189767
75,998.423,1.4597,1.74738,1.57892,0.71936,0.63107,0.7085,0.33181,1.94381,1.81708,1.89642,0.0018949,0.0018949,0.0018949
76,1011.56,1.42539,1.76973,1.56327,0.7293,0.63452,0.71587,0.34414,1.93277,1.83615,1.8344,0.0018921,0.0018921,0.0018921
77,1024.82,1.43646,1.75021,1.56993,0.75993,0.6802,0.74827,0.35017,1.93176,1.91263,1.8943,0.00188926,0.00188926,0.00188926
78,1038.29,1.42678,1.69539,1.55433,0.77186,0.63198,0.69959,0.33895,1.91767,1.92497,1.86943,0.00188638,0.00188638,0.00188638
79,1051.45,1.45115,1.71696,1.57531,0.74336,0.58122,0.69514,0.32559,1.94971,1.9178,1.9314,0.00188347,0.00188347,0.00188347
80,1064.42,1.42863,1.6988,1.55617,0.72524,0.66244,0.72808,0.3525,1.9322,1.78576,1.87098,0.00188052,0.00188052,0.00188052
81,1077.65,1.43887,1.72561,1.55149,0.63655,0.63959,0.65789,0.30713,1.9045,1.9495,1.87639,0.00187754,0.00187754,0.00187754
82,1090.9,1.43071,1.6724,1.55477,0.78534,0.585,0.71023,0.33528,1.97951,1.9079,1.94056,0.00187453,0.00187453,0.00187453
83,1103.91,1.38813,1.64342,1.53677,0.73549,0.67005,0.74925,0.36074,1.85578,1.74634,1.83389,0.00187148,0.00187148,0.00187148
84,1117.06,1.41112,1.64495,1.54859,0.73882,0.61028,0.69381,0.29934,2.09529,1.91972,1.99492,0.0018684,0.0018684,0.0018684
85,1130.04,1.41513,1.61902,1.54059,0.80047,0.62183,0.73442,0.34669,1.96449,1.73305,1.88699,0.00186528,0.00186528,0.00186528
86,1143.08,1.4265,1.66582,1.55852,0.71956,0.67766,0.71778,0.32731,1.98839,1.79078,1.94878,0.00186213,0.00186213,0.00186213
87,1156.18,1.3945,1.61438,1.51924,0.70844,0.66751,0.72867,0.35253,1.91264,1.7787,1.83864,0.00185895,0.00185895,0.00185895
88,1169.21,1.36348,1.5685,1.50464,0.79557,0.64467,0.76703,0.38134,1.81981,1.71888,1.81243,0.00185573,0.00185573,0.00185573
89,1182.23,1.39672,1.59435,1.5342,0.74283,0.63783,0.72199,0.35374,1.83289,1.75434,1.8564,0.00185248,0.00185248,0.00185248
90,1195.35,1.38657,1.58596,1.52846,0.74863,0.71055,0.7451,0.36588,1.82924,1.75033,1.79363,0.0018492,0.0018492,0.0018492
91,1208.38,1.36923,1.55255,1.50298,0.75701,0.66244,0.73697,0.36871,1.85162,1.69243,1.81026,0.00184588,0.00184588,0.00184588
92,1221.5,1.38476,1.5582,1.50775,0.77829,0.62366,0.72285,0.34285,1.98125,1.73198,1.91599,0.00184254,0.00184254,0.00184254
93,1234.49,1.3855,1.61298,1.52436,0.6981,0.6802,0.70415,0.33666,1.98813,1.77067,1.88868,0.00183915,0.00183915,0.00183915
94,1247.41,1.38486,1.57331,1.52195,0.77504,0.64721,0.73631,0.3519,1.89703,1.65863,1.87661,0.00183574,0.00183574,0.00183574
95,1260.37,1.38962,1.60152,1.53016,0.74873,0.65796,0.72768,0.33667,1.95395,1.80413,1.90597,0.00183229,0.00183229,0.00183229
96,1273.3,1.33836,1.55433,1.50099,0.73365,0.68513,0.74574,0.37835,1.86253,1.64558,1.85546,0.00182881,0.00182881,0.00182881
97,1286.4,1.34255,1.54186,1.48925,0.73164,0.61675,0.70641,0.36173,1.85545,1.75665,1.84144,0.0018253,0.0018253,0.0018253
98,1299.48,1.35209,1.5227,1.4879,0.73068,0.69289,0.74746,0.36643,1.95451,1.6403,1.90832,0.00182175,0.00182175,0.00182175
99,1312.66,1.34979,1.54324,1.48348,0.72801,0.67766,0.75876,0.38934,1.84008,1.57038,1.78264,0.00181818,0.00181818,0.00181818
100,1325.69,1.35605,1.55641,1.50018,0.82808,0.62944,0.76524,0.38306,1.81056,1.64261,1.80621,0.00181457,0.00181457,0.00181457
101,1338.7,1.30962,1.46918,1.46343,0.72125,0.65228,0.69892,0.33195,1.88952,1.75161,1.83634,0.00181093,0.00181093,0.00181093
102,1351.93,1.31859,1.48778,1.46495,0.7487,0.68274,0.74712,0.37275,1.81316,1.65344,1.80637,0.00180725,0.00180725,0.00180725
103,1364.93,1.31981,1.51208,1.47548,0.7306,0.70208,0.75725,0.37322,1.87808,1.64489,1.84963,0.00180355,0.00180355,0.00180355
104,1377.9,1.33714,1.53672,1.4825,0.73927,0.65488,0.73494,0.37459,1.81906,1.64259,1.83943,0.00179982,0.00179982,0.00179982
105,1391.02,1.29292,1.44521,1.44625,0.70259,0.68528,0.72827,0.35285,1.94744,1.65443,1.90463,0.00179605,0.00179605,0.00179605
106,1403.98,1.30397,1.48038,1.45817,0.72135,0.69289,0.7363,0.35437,1.82105,1.63056,1.80438,0.00179225,0.00179225,0.00179225
107,1417.08,1.28257,1.43938,1.45221,0.7351,0.68528,0.73653,0.3562,1.87637,1.67469,1.84836,0.00178843,0.00178843,0.00178843
108,1430.17,1.30334,1.46364,1.45882,0.71413,0.63959,0.714,0.36891,1.77627,1.78003,1.76112,0.00178457,0.00178457,0.00178457
109,1443.08,1.29397,1.44665,1.4512,0.80827,0.65482,0.75769,0.38433,1.78433,1.66615,1.75416,0.00178068,0.00178068,0.00178068
110,1456.1,1.29494,1.41054,1.44153,0.78131,0.66195,0.75211,0.37938,1.78723,1.68408,1.82487,0.00177676,0.00177676,0.00177676
111,1469.08,1.26222,1.41548,1.44811,0.78602,0.69036,0.76437,0.38452,1.81802,1.58326,1.81227,0.00177281,0.00177281,0.00177281
112,1482.01,1.29596,1.44776,1.44975,0.81017,0.65228,0.74448,0.3727,1.8357,1.66201,1.86104,0.00176883,0.00176883,0.00176883
113,1495.1,1.27578,1.37613,1.44147,0.75638,0.64618,0.74131,0.35792,1.84902,1.69143,1.83889,0.00176482,0.00176482,0.00176482
114,1508.17,1.25896,1.4224,1.43258,0.81052,0.69543,0.76688,0.37661,1.79835,1.60775,1.81886,0.00176078,0.00176078,0.00176078
115,1521.06,1.27961,1.42931,1.43976,0.74156,0.69797,0.75384,0.37781,1.80868,1.64002,1.80408,0.00175671,0.00175671,0.00175671
116,1533.93,1.24813,1.39023,1.41555,0.82099,0.71008,0.79412,0.3971,1.79838,1.58912,1.78928,0.00175261,0.00175261,0.00175261
117,1546.95,1.22407,1.34152,1.40207,0.88283,0.70754,0.80537,0.39504,1.79649,1.49472,1.8186,0.00174848,0.00174848,0.00174848
118,1559.91,1.24105,1.37956,1.41447,0.79655,0.71827,0.76917,0.38586,1.83316,1.60127,1.81514,0.00174432,0.00174432,0.00174432
119,1572.84,1.23619,1.37211,1.42076,0.72172,0.68782,0.75341,0.36366,1.84624,1.61678,1.85838,0.00174014,0.00174014,0.00174014
120,1585.92,1.24381,1.38427,1.42224,0.80175,0.67766,0.75575,0.37373,1.8554,1.59492,1.85654,0.00173592,0.00173592,0.00173592
121,1598.92,1.22675,1.38006,1.41254,0.84424,0.66751,0.79246,0.38252,1.82741,1.55694,1.83208,0.00173168,0.00173168,0.00173168
122,1612.05,1.2391,1.33473,1.41298,0.82761,0.70051,0.78928,0.38425,1.82515,1.55265,1.82601,0.00172741,0.00172741,0.00172741
123,1625.06,1.25956,1.35582,1.43799,0.79469,0.71716,0.79233,0.40847,1.72484,1.53086,1.73472,0.00172311,0.00172311,0.00172311
124,1638.49,1.2326,1.39127,1.41132,0.80337,0.70515,0.77274,0.37092,1.82806,1.53646,1.84807,0.00171878,0.00171878,0.00171878
125,1651.68,1.22297,1.34562,1.40226,0.80651,0.69036,0.77838,0.40254,1.79233,1.56266,1.79007,0.00171442,0.00171442,0.00171442
126,1664.96,1.19278,1.35648,1.39693,0.75049,0.74619,0.78548,0.38856,1.83357,1.59927,1.84346,0.00171004,0.00171004,0.00171004
127,1678.18,1.22692,1.32888,1.40271,0.75258,0.71827,0.76979,0.38052,1.81599,1.56144,1.85829,0.00170562,0.00170562,0.00170562
128,1691.21,1.1946,1.32399,1.37551,0.80951,0.71827,0.79014,0.39798,1.79685,1.56744,1.79408,0.00170118,0.00170118,0.00170118
129,1704.12,1.22888,1.32174,1.39313,0.78216,0.68346,0.76716,0.38454,1.8244,1.62167,1.82326,0.00169672,0.00169672,0.00169672
130,1717.36,1.17723,1.28138,1.38194,0.78178,0.71827,0.78111,0.39142,1.79116,1.59591,1.79937,0.00169222,0.00169222,0.00169222
131,1730.37,1.18497,1.2557,1.36468,0.75024,0.67766,0.74095,0.38504,1.78775,1.63552,1.82251,0.0016877,0.0016877,0.0016877
132,1743.35,1.20349,1.27072,1.38427,0.77995,0.70169,0.7658,0.38996,1.81161,1.60078,1.84616,0.00168315,0.00168315,0.00168315
133,1756.36,1.20444,1.28214,1.37887,0.78702,0.70558,0.77765,0.40063,1.79049,1.54519,1.8169,0.00167858,0.00167858,0.00167858
134,1769.41,1.20708,1.27496,1.37041,0.76651,0.69543,0.75822,0.38172,1.80339,1.56514,1.82623,0.00167398,0.00167398,0.00167398
135,1782.32,1.20786,1.30971,1.37597,0.75374,0.72081,0.76465,0.37769,1.81064,1.5203,1.84019,0.00166935,0.00166935,0.00166935
136,1795.56,1.18708,1.26622,1.37088,0.82728,0.67766,0.78767,0.40001,1.7668,1.44907,1.7708,0.0016647,0.0016647,0.0016647
137,1808.55,1.1801,1.26715,1.36986,0.77115,0.69289,0.75053,0.3787,1.83898,1.53091,1.85471,0.00166002,0.00166002,0.00166002
138,1821.51,1.1676,1.25306,1.36077,0.77114,0.70558,0.75803,0.37711,1.85099,1.54661,1.8942,0.00165532,0.00165532,0.00165532
139,1834.61,1.16104,1.2415,1.36507,0.78125,0.70812,0.7674,0.38415,1.85677,1.52361,1.9011,0.00165059,0.00165059,0.00165059
140,1847.57,1.18565,1.2432,1.35977,0.73158,0.71942,0.75949,0.37459,1.88005,1.58679,1.84477,0.00164583,0.00164583,0.00164583
141,1860.47,1.15357,1.21611,1.34819,0.73213,0.75127,0.78346,0.38993,1.78492,1.59022,1.81746,0.00164105,0.00164105,0.00164105
142,1873.52,1.17559,1.23125,1.36435,0.80512,0.69543,0.77301,0.37846,1.82912,1.59547,1.80555,0.00163624,0.00163624,0.00163624
143,1886.41,1.15876,1.27926,1.35143,0.81603,0.69802,0.79591,0.3826,1.82957,1.58375,1.83701,0.00163141,0.00163141,0.00163141
144,1899.52,1.15039,1.25237,1.34613,0.84163,0.68528,0.79785,0.39868,1.75108,1.50329,1.75946,0.00162656,0.00162656,0.00162656
145,1912.52,1.16543,1.26,1.34313,0.76778,0.70488,0.77813,0.40002,1.78379,1.56626,1.77341,0.00162168,0.00162168,0.00162168
146,1925.61,1.13835,1.21579,1.34044,0.73904,0.72589,0.78337,0.40234,1.7547,1.52491,1.77356,0.00161678,0.00161678,0.00161678
147,1938.52,1.13413,1.20971,1.32872,0.80293,0.71574,0.77754,0.39345,1.76987,1.51081,1.74401,0.00161185,0.00161185,0.00161185
148,1951.62,1.11956,1.20681,1.32528,0.79193,0.7335,0.79684,0.42328,1.77048,1.47806,1.77547,0.0016069,0.0016069,0.0016069
149,1964.58,1.1103,1.16537,1.30813,0.78149,0.70305,0.78359,0.40368,1.74705,1.48458,1.73797,0.00160193,0.00160193,0.00160193
150,1977.55,1.16489,1.28429,1.35511,0.80169,0.70795,0.78922,0.39808,1.82343,1.50522,1.81965,0.00159693,0.00159693,0.00159693
151,1990.62,1.14606,1.22643,1.34011,0.80826,0.63198,0.74315,0.375,1.8078,1.56922,1.84795,0.00159191,0.00159191,0.00159191
152,2003.41,1.16938,1.23905,1.34217,0.76822,0.71503,0.76171,0.3841,1.80484,1.52233,1.84126,0.00158686,0.00158686,0.00158686
153,2016.5,1.11514,1.19506,1.31665,0.75919,0.71215,0.76808,0.39527,1.8069,1.45581,1.80753,0.0015818,0.0015818,0.0015818
154,2029.51,1.1212,1.20881,1.32932,0.8202,0.68312,0.78798,0.40618,1.73443,1.4563,1.75354,0.00157671,0.00157671,0.00157671
155,2042.37,1.13761,1.1998,1.32666,0.75802,0.70305,0.75353,0.38592,1.77836,1.51352,1.7792,0.0015716,0.0015716,0.0015716
156,2055.3,1.1352,1.16845,1.32379,0.8037,0.67259,0.77014,0.39478,1.79418,1.53753,1.78835,0.00156646,0.00156646,0.00156646
157,2068.23,1.09782,1.18357,1.31056,0.78248,0.6802,0.76698,0.39811,1.79335,1.52384,1.82063,0.00156131,0.00156131,0.00156131
158,2081.08,1.10223,1.13908,1.31006,0.8047,0.70065,0.77829,0.38149,1.79853,1.51208,1.84203,0.00155613,0.00155613,0.00155613
159,2093.89,1.10548,1.15893,1.31107,0.78092,0.70565,0.76457,0.38249,1.7678,1.56771,1.80365,0.00155093,0.00155093,0.00155093
160,2106.75,1.09354,1.14656,1.30436,0.7273,0.71753,0.75925,0.4042,1.74889,1.51417,1.78743,0.00154571,0.00154571,0.00154571
161,2119.8,1.09895,1.1516,1.31083,0.82358,0.6802,0.76249,0.39111,1.80938,1.50809,1.83166,0.00154047,0.00154047,0.00154047
162,2132.85,1.12786,1.18137,1.32476,0.83439,0.67005,0.7644,0.38135,1.80144,1.49667,1.85138,0.00153521,0.00153521,0.00153521
163,2145.7,1.12168,1.18042,1.31492,0.81843,0.71574,0.79639,0.42348,1.75734,1.4269,1.76126,0.00152992,0.00152992,0.00152992
164,2159,1.1119,1.15532,1.31946,0.84008,0.65332,0.77134,0.39712,1.81369,1.47265,1.83557,0.00152462,0.00152462,0.00152462
165,2171.97,1.10626,1.15923,1.32279,0.81388,0.677,0.77405,0.40386,1.76853,1.50302,1.82357,0.0015193,0.0015193,0.0015193
166,2185.03,1.0974,1.16304,1.3149,0.78438,0.68528,0.76819,0.39696,1.74617,1.50305,1.7657,0.00151395,0.00151395,0.00151395
167,2197.91,1.084,1.16451,1.30334,0.77765,0.71012,0.79036,0.40299,1.7096,1.47009,1.74574,0.00150859,0.00150859,0.00150859
168,2210.67,1.0708,1.11795,1.29859,0.83336,0.67005,0.77678,0.38787,1.77931,1.49138,1.78544,0.0015032,0.0015032,0.0015032
169,2223.62,1.09192,1.16538,1.30062,0.81223,0.66497,0.77079,0.4021,1.79402,1.48193,1.77287,0.0014978,0.0014978,0.0014978
170,2236.68,1.10834,1.16318,1.32023,0.76879,0.66672,0.74846,0.37737,1.78148,1.52407,1.80594,0.00149238,0.00149238,0.00149238
171,2249.91,1.04331,1.10492,1.27656,0.73708,0.70305,0.7587,0.38962,1.77785,1.53077,1.80298,0.00148694,0.00148694,0.00148694
172,2263,1.07476,1.1376,1.29028,0.84107,0.64721,0.77492,0.40794,1.74516,1.4641,1.81769,0.00148148,0.00148148,0.00148148
173,2275.81,1.08369,1.12253,1.29181,0.716,0.76142,0.78842,0.41415,1.73278,1.45519,1.77572,0.001476,0.001476,0.001476
174,2288.88,1.06203,1.1234,1.27219,0.81423,0.67259,0.76483,0.40547,1.76907,1.44311,1.80194,0.0014705,0.0014705,0.0014705
175,2301.83,1.05685,1.08965,1.27129,0.82854,0.67456,0.76715,0.39974,1.8132,1.48852,1.83293,0.00146498,0.00146498,0.00146498
176,2314.77,1.06227,1.09027,1.27501,0.77746,0.72589,0.78593,0.40184,1.79896,1.44641,1.81149,0.00145945,0.00145945,0.00145945
177,2328.03,1.08985,1.09986,1.29242,0.80485,0.67766,0.77151,0.40098,1.75717,1.4875,1.76224,0.0014539,0.0014539,0.0014539
178,2340.83,1.04331,1.06221,1.26948,0.75743,0.72589,0.79479,0.39716,1.76301,1.44075,1.79796,0.00144833,0.00144833,0.00144833
179,2354.01,1.04667,1.10253,1.27475,0.83184,0.67795,0.80453,0.41112,1.80003,1.47454,1.8381,0.00144274,0.00144274,0.00144274
180,2367.12,1.04114,1.07211,1.26503,0.76441,0.74619,0.80114,0.41097,1.78539,1.40984,1.81836,0.00143714,0.00143714,0.00143714
181,2380.18,1.04456,1.06338,1.27499,0.77337,0.7132,0.78785,0.422,1.7172,1.46758,1.80123,0.00143152,0.00143152,0.00143152
182,2393.19,1.05359,1.07956,1.27169,0.76831,0.75888,0.79721,0.41003,1.7679,1.44641,1.76351,0.00142588,0.00142588,0.00142588
183,2406.14,1.06284,1.09557,1.29053,0.77857,0.74619,0.791,0.4181,1.74894,1.44291,1.76234,0.00142023,0.00142023,0.00142023
184,2419.19,1.06053,1.12146,1.28419,0.84422,0.68274,0.79834,0.41629,1.76083,1.4355,1.78284,0.00141456,0.00141456,0.00141456
185,2432.39,1.06675,1.12974,1.28633,0.75019,0.72589,0.78335,0.39989,1.79374,1.49919,1.84866,0.00140888,0.00140888,0.00140888
186,2445.46,1.04044,1.05938,1.27328,0.7834,0.76191,0.80793,0.40154,1.80458,1.40149,1.88009,0.00140318,0.00140318,0.00140318
187,2458.46,1.04945,1.08668,1.2769,0.82155,0.71066,0.79615,0.41879,1.764,1.43756,1.8216,0.00139746,0.00139746,0.00139746
188,2471.58,1.028,1.04985,1.26277,0.83202,0.66627,0.77557,0.40096,1.78531,1.50466,1.8309,0.00139173,0.00139173,0.00139173
